N_genes	nt_sn	nt_sp	exon_sn	exon_sp	gene_sn	gene_sp	mean_identity	median_identity	PH	FP	FN	SC	DU
ab_initio	90.1	73.9	72.8	65.7	19.8	14.3	77.0784148134397	86.7694805194805	281	635	203	0.874223602484472	0.5
evidence_driven	82.8	91.9	74.2	85.6	41.7	39.2	83.074409240567	99.0686845168801	593	230	238	0.841614906832298	0.5
